water_level_m,water_volume_cusec,dam_storage_percent,inflow_rate_cusec,outflow_rate_cusec,precipitation_mm,storage_capacity_m3
618.59,27.19,79.97,7397.15,992,23.07,769.933792
616.79,25.73,75.68,4016.53,822.81,3.64,728.591264
612.05,21.9,64.41,2533.14,1427.75,9.28,620.13792
606.14,17.11,50.32,13062.14,1275.88,126,484.500448
616.42,25.44,74.82,13139.66,1143.91,129.9,720.379392
612,21.86,64.29,18464.07,958.36,117.53,619.005248
621.43,29.49,86.74,9833.78,1622.17,22.06,835.062432
606.5,17.4,51.18,4181.71,633.42,5.85,492.71232
618.28,26.94,79.24,6980.13,604.31,67.7,762.854592
625.77,33,97.06,4112.76,6717.18,17.54,934.4544
609.66,19.96,58.71,10969.12,1126.05,72.08,565.203328
615.9,25.01,73.56,2197.24,757.48,2.25,708.203168
607.92,18.55,54.56,3540.23,1442.98,5.2,525.27664
619.14,27.64,81.29,10262.11,612.5,70.1,782.676352
617.56,26.36,77.53,9834.65,840.96,36.51,746.430848
614.55,23.92,70.35,14791.3,1430.67,97.13,677.337856
616.95,25.86,76.06,4901.31,1336.38,13.93,732.272448
624.83,32.24,94.82,12652.77,8020.26,143.41,912.933632
610.12,20.34,59.82,9901.12,1482.48,27.7,575.963712
606.47,17.38,51.12,12399.48,862.29,108.54,492.145984
624.09,31.64,93.06,16593.44,3110.2,125.6,895.943552
618.12,26.81,78.85,4564.34,811.65,18.57,759.173408
624.7,32.14,94.53,11835.41,6323.22,23.96,910.101952
618.54,27.15,79.85,4648.93,1215.32,13.65,768.80112
623.01,30.77,90.5,2501,7409,6.31,871.307936
615.02,24.3,71.47,11344.99,949.04,72.18,688.09824
621.75,29.75,87.5,4683.06,2731.89,1.54,842.4248
625.17,32.52,95.65,5355.36,8223.42,8.43,920.862336
618.01,26.72,78.59,6611.27,1411.12,31.55,756.624896
609.8,20.08,59.06,12487.66,1343.73,129.4,568.601344
611.64,21.57,63.44,4185.91,591.35,6.85,610.793376
610.17,20.38,59.94,7119.54,688.23,54.95,577.096384
611.18,21.19,62.32,4351.19,1340.35,1.14,600.032992
612.43,22.21,65.32,4291.08,1319.5,0.98,628.916128
617.66,26.44,77.76,4385.39,774.21,6.99,748.696192
618.35,27,79.41,4502.6,1080.76,14.7,764.5536
614.96,24.25,71.32,7235.29,852.48,60.51,686.6824
618.92,27.46,80.76,4704.78,1358.6,2.6,777.579328
607.71,18.38,54.06,13841.01,605.65,120.84,520.462784
607.84,18.49,54.38,18182.85,1281.46,117.62,523.577632
609.61,19.92,58.59,6337.28,1247.52,70.07,564.070656
616.88,25.81,75.91,18404.47,814.16,98.6,730.856608
610.49,20.63,60.68,17797.93,666.5,82.17,584.175584
611.95,21.82,64.18,7412.3,994.37,30.55,617.872576
614.41,23.81,70.03,13442.4,1258.98,93.76,674.223008
623.05,30.8,90.59,6879.69,7373.79,74.71,872.15744
606.29,17.23,50.68,4374.74,1254.83,13.67,487.898464
619.64,28.04,82.47,3621.89,1484.09,8.96,794.003072
620.05,28.37,83.44,3418.19,1064.59,5.9,803.347616
622.77,30.58,89.94,3062.74,2843.72,18.31,865.927744
625.59,32.86,96.65,5627.94,5620.15,13.13,930.490048
606.42,17.34,51,4707.28,801.59,18.91,491.013312
609.23,19.61,57.68,2372.07,643.87,6.07,555.292448
624.61,32.07,94.32,5182.31,5519.58,8.46,908.119776
615.63,24.8,72.94,6585.66,666.85,31.83,702.25664
617.86,26.6,78.24,15540.65,1155.82,133.4,753.22688
619.92,28.27,83.15,10096.03,1128.73,60.63,800.515936
620.26,28.54,83.94,3822.27,1390.97,0.78,808.161472
625.57,32.84,96.59,11949.75,5601.29,69.94,929.923712
626.94,33.95,99.85,11913.6,7523.54,78.8,961.35536
621.12,29.24,86,10684.2,2865.29,26.42,827.983232
612.03,21.88,64.35,3720.57,937.77,12.61,619.571584
624.47,31.95,93.97,5744.71,8457.26,15.24,904.72176
607.03,17.83,52.44,14528.37,567.28,127.93,504.888544
610.85,20.93,61.56,4532.71,1221.05,18.24,592.670624
624.85,32.26,94.88,2112.49,6379.31,14.39,913.499968
611.38,21.36,62.82,2940.13,1152.28,16.46,604.846848
610.63,20.75,61.03,2429.8,516.91,11.92,587.5736
608.9,19.35,56.91,20196.77,1499.35,97.53,547.93008
624.04,31.6,92.94,4651.44,8548.02,5.3,894.81088
616.5,25.5,75,6814.48,1477.44,67.71,722.0784
620.17,28.47,83.74,14994.23,600.15,90.64,806.179296
611.02,21.06,61.94,3513.26,588.4,16.32,596.351808
621.92,29.89,87.91,4518.73,2124.24,19.63,846.389152
621.96,29.92,88,5283.4,1922.22,19.72,847.238656
612.56,22.31,65.62,2481.51,1080.77,1.13,631.747808
614.62,23.98,70.53,20429.45,945.89,112.29,679.036864
610.4,20.56,60.47,7043.78,861.22,63.91,582.193408
626.51,33.6,98.82,8169.24,6965.39,24.24,951.44448
619.56,27.98,82.29,3728.27,1296.39,16.32,792.304064
625.63,32.89,96.74,8465.66,7220.82,73.2,931.339552
612.37,22.16,65.18,2374.24,516.67,2.89,627.500288
622.42,30.29,89.09,14115.07,2604.05,95.37,857.715872
622.08,30.02,88.29,2650.04,2939.62,10.12,850.070336
620.52,28.75,84.56,16067.74,1262.36,136.15,814.108
626.28,33.42,98.29,2079.89,7155.76,0.17,946.347456
614.26,23.69,69.68,8536.12,1218.07,20.45,670.824992
608.75,19.23,56.56,2932.08,1313.14,14.64,544.532064
620.11,28.42,83.59,7420.32,1128.03,32.65,804.763456
621.32,29.4,86.47,14583,2800.52,107.02,832.51392
618.08,26.78,78.76,8927.4,704.26,46.89,758.323904
610.34,20.51,60.32,11973.87,980.18,41.52,580.777568
616.59,25.57,75.21,5667.02,1300.82,11.32,724.060576
612.56,22.31,65.62,4344.94,992.37,14.37,631.747808
614.98,24.27,71.38,2983.27,1414.84,9.28,687.248736
619.55,27.97,82.26,4132.22,1131.54,19.05,792.020896
621.65,29.67,87.26,8254.93,1648.72,27.76,840.159456
610.88,20.95,61.62,10667.91,720.47,46.81,593.23696
614.51,23.89,70.26,5706.34,1210.42,8.13,676.488352
611.65,21.57,63.44,2336.85,1484.58,10.35,610.793376
610.17,20.38,59.94,9514.85,609.48,37.12,577.096384
622.45,30.32,89.18,18480.3,3490.91,91.36,858.565376
625.09,32.45,95.44,9687,8279.82,60.41,918.88016
613.77,23.29,68.5,5952.06,889.39,4.97,659.498272
621.78,29.77,87.56,7272.49,1858.5,61.08,842.991136
624.84,32.25,94.85,2937.3,5072.22,8.22,913.2168
623.77,31.39,92.32,15385.07,3014.18,102.2,888.864352
609.84,20.11,59.15,13596.66,1290.08,89.53,569.450848
626.08,33.26,97.82,9735.28,6135.27,22.69,941.816768
613.91,23.4,68.82,8402.14,1447.15,68.66,662.61312
613.12,22.76,66.94,3935.51,1397.53,15.44,644.490368
607.31,18.06,53.12,21364.93,1325.53,85.68,511.401408
616.21,25.27,74.32,10830.72,1350.13,32.05,715.565536
608.29,18.85,55.44,2199.44,649.91,19.05,533.77168
611.22,21.23,62.44,9870.9,516.97,54.55,601.165664
612.66,22.39,65.85,13430.62,514.01,82.9,634.013152
622.99,30.75,90.44,9995.68,8023.27,75.94,870.7416
624.39,31.89,93.79,8993.81,5265.38,47.57,903.022752
612.35,22.14,65.12,8911.74,649.38,65.91,626.933952
624.03,31.6,92.94,11234.37,7253.2,30.34,894.81088
624,31.57,92.85,12728.98,7303.61,113.69,893.961376
622.06,30,88.24,21789.47,4003.74,133.16,849.504
609.08,19.49,57.32,9281.49,1046.25,27.95,551.894432
620.5,28.74,84.53,5413.14,1356.15,8.36,813.824832
625.85,33.07,97.26,3050.78,8214.77,1.81,936.436576
620.33,28.6,84.12,9738.83,856.07,26.07,809.86048
612.96,22.63,66.56,9835.21,735.68,34.02,640.809184
616.51,25.51,75.03,6760.81,1366.6,72.42,722.361568
619.56,27.98,82.29,8565.25,660.86,27.63,792.304064
616.72,25.68,75.53,6634.78,1006.14,65.53,727.175424
608.52,19.04,56,17135.18,1450.28,140.85,539.151872
612.55,22.3,65.59,11089.22,992.98,43.65,631.46464
622.85,30.64,90.12,5387.14,8057.39,9.81,867.626752
624.09,31.64,93.06,4291.09,5875.89,9.84,895.943552
608.88,19.33,56.85,2427.28,738.85,6.68,547.363744
626,33.19,97.62,13688.59,6692.97,99.83,939.834592
612.91,22.59,66.44,4176.43,1051.71,6.46,639.676512
619.91,28.26,83.12,5862.07,877.35,8.95,800.232768
621.79,29.78,87.59,3831.06,2639.28,4.87,843.274304
623.05,30.8,90.59,2084.6,6539.58,14.19,872.15744
625.86,33.08,97.29,2819.92,7726.83,11.27,936.719744
612.57,22.32,65.65,20743.98,852.53,92.88,632.030976
624.03,31.6,92.94,11435.47,5465.39,39.15,894.81088
608.77,19.24,56.59,2783.92,1443.77,1.64,544.815232
620.81,28.99,85.26,21232.86,4089.65,104.46,820.904032
621.58,29.61,87.09,11934.75,1897.57,59.53,838.460448
620.23,28.52,83.88,6681.88,503.92,23.12,807.595136
611.3,21.29,62.62,19867.23,1009.73,132.15,602.864672
624.33,31.84,93.65,3138.7,6381.69,3.03,901.606912
609.55,19.87,58.44,6108.17,602.33,24.65,562.654816
607.13,17.91,52.68,4549.61,1301.83,18.66,507.153888
621.07,29.2,85.88,2433.6,2813.9,7.23,826.85056
615.98,25.08,73.76,9073.56,987.37,30.09,710.185344
623.83,31.43,92.44,9478.63,6985.3,76.77,889.997024
614.05,23.52,69.18,2129.88,1243.35,3.75,666.011136
609.53,19.86,58.41,11016.47,654.79,28.16,562.371648
623.57,31.22,91.82,3489.23,5935.89,4.98,884.050496
617.53,26.33,77.44,2223.71,642.18,19.73,745.581344
609.97,20.21,59.44,2218.04,1336.44,12.52,572.282528
621.13,29.25,86.03,9369.57,1756.22,51.62,828.2664
616.73,25.69,75.56,4373.99,710.12,6.38,727.458592
618.69,27.27,80.21,2087.93,1302.7,19.4,772.199136
615.68,24.84,73.06,6813.76,645.63,37.83,703.389312
623.4,31.09,91.44,10696.47,8445.24,58.57,880.369312
623.42,31.1,91.47,5368.77,5769.2,4.87,880.65248
620.9,29.06,85.47,11520.24,2475.38,44.15,822.886208
608.21,18.79,55.26,3034.23,837.21,18.96,532.072672
623.62,31.26,91.94,3986.06,5453.2,1.02,885.183168
620.09,28.41,83.56,5212.68,653.41,15.46,804.480288
620.64,28.85,84.85,2605.64,1298.45,7.47,816.93968
613.62,23.17,68.15,8200.33,605.81,31.42,656.100256
624.46,31.94,93.94,11915.61,7869.01,27.28,904.438592
621.23,29.33,86.26,9324.6,1761.75,74.68,830.531744
608.36,18.91,55.62,4576.85,1150.72,16.86,535.470688
614.56,23.93,70.38,21197.93,594.85,138.11,677.621024
624.61,32.07,94.32,10541.56,7229.68,64.43,908.119776
606.99,17.8,52.35,6516.81,963.81,63.21,504.03904
626.19,33.34,98.06,2072.32,6471.21,6.75,944.082112
620.26,28.54,83.94,11017.75,715.46,59.81,808.161472
619.26,27.73,81.56,2626.45,1474.76,17.03,785.224864
611.68,21.6,63.53,21814.21,597.38,112.56,611.64288
611.22,21.23,62.44,3400.03,1428.37,12.76,601.165664
625.78,33.01,97.09,4363.47,7398.78,10.99,934.737568
612.26,22.07,64.91,2779.77,1326.87,16.87,624.951776
622.29,30.19,88.79,10281.64,1811.27,65.73,854.884192
614.26,23.69,69.68,8592.7,1466.59,72.06,670.824992
608.92,19.36,56.94,3557.74,1451.7,2.86,548.213248
606.23,17.19,50.56,5525,850.19,17.36,486.765792
617.43,26.25,77.21,3246.05,1282.92,14.49,743.316
626.49,33.59,98.79,5111.64,6405.19,9.71,951.161312
613.75,23.27,68.44,4103.79,1308.8,7.35,658.931936
613.5,23.07,67.85,4682.91,769.44,10.49,653.268576
613.23,22.85,67.21,4894.14,1077.19,18.67,647.03888
616.93,25.85,76.03,9708.62,1009.51,21.76,731.98928
615.25,24.49,72.03,6488.84,693.34,41.57,693.478432
624.48,31.96,94,16666.83,3105.42,106.57,905.004928
616.62,25.6,75.29,9052.24,743.12,52.29,724.91008
616.66,25.63,75.38,7139.61,960.71,30.09,725.759584
608.91,19.36,56.94,4580.95,1150.97,4.95,548.213248
626.64,33.71,99.15,12730.85,6005.72,107.15,954.559328
611.25,21.25,62.5,6044.15,1018.21,62.58,601.732
607.54,18.25,53.68,5683.08,1468.42,11.38,516.7816
619.93,28.28,83.18,11670.1,1173.61,47.49,800.799104
618.5,27.12,79.76,2960.98,969.8,9.31,767.951616
614.72,24.06,70.76,3427.08,664.27,11.64,681.302208
614.87,24.18,71.12,9984.07,838.37,69.81,684.700224
622.49,30.35,89.26,14093.48,1559.13,139.29,859.41488
610.11,20.33,59.79,11807.19,1389.84,69.66,575.680544
623.23,30.95,91.03,6167.05,5906.46,51.8,876.40496
619.62,28.03,82.44,10455.82,779.77,53.44,793.719904
614.8,24.12,70.94,8481.99,1250.16,25.29,683.001216
615.62,24.79,72.91,7667.35,998.19,79.44,701.973472
611.39,21.36,62.82,5427.8,1184.21,8.81,604.846848
621.79,29.78,87.59,20733.61,3119.52,93.23,843.274304
616.77,25.72,75.65,4048.35,1440.69,6.29,728.308096
612.74,22.46,66.06,5426.29,896.05,7.04,635.995328
618.52,27.14,79.82,3542.21,1415.42,8.5,768.517952
626.91,33.93,99.79,11930.22,6709.89,50.31,960.789024
615.14,24.4,71.76,2627.61,1447.57,8.72,690.92992
625.33,32.65,96.03,9544.83,7651.33,36.1,924.54352
613.25,22.87,67.26,19746.53,1062.14,113.49,647.605216
607.15,17.93,52.74,6756.83,1029.53,26.88,507.720224
610.29,20.47,60.21,4891.36,532.49,0.42,579.644896
614.79,24.12,70.94,11812.89,984.21,52.35,683.001216
610.61,20.73,60.97,5364.38,1496.85,11.03,587.007264
606,17,50,5626.61,691.24,6.41,481.3856
625.22,32.56,95.76,6246.49,6276.29,44.34,921.995008
623.72,31.34,92.18,7608.28,7982.14,76.93,887.448512
621.59,29.62,87.12,11604.2,2649.53,24.23,838.743616
609.52,19.85,58.38,9885.12,1468.94,69.43,562.08848
608.53,19.05,56.03,9102.79,617.06,75.48,539.43504
607.42,18.15,53.38,9554.96,982.49,27.61,513.94992
621.2,29.3,86.18,7169.04,2237,20.6,829.68224
625.5,32.79,96.44,16243.72,4429.39,104.93,928.507872
615.04,24.32,71.53,2870.8,1466.02,8.22,688.664576
608.5,19.02,55.94,2103.36,721.78,7.44,538.585536
616.76,25.71,75.62,6480.38,974.45,32.07,728.024928
613.33,22.93,67.44,5230.5,1271.47,1.7,649.304224
613.87,23.37,68.74,18831.76,552.33,135.54,661.763616
619.05,27.56,81.06,10794.49,1008.48,70.73,780.411008
621.09,29.22,85.94,4908.65,2971.14,16.91,827.416896
608.32,18.88,55.53,2847.19,1292.54,4.51,534.621184
606.75,17.61,51.79,5994.24,524.82,1.33,498.658848
626.88,33.9,99.71,20416.15,4109.24,103.75,959.93952
610.89,20.96,61.65,12754.12,750.36,80.59,593.520128
607.13,17.91,52.68,8759.65,1106.97,73.3,507.153888
609.99,20.23,59.5,5869.31,768.6,16.1,572.848864
606.82,17.66,51.94,4236.55,1002.78,1.72,500.074688
614.23,23.66,69.59,3336.42,1021.83,8.84,669.975488
622.85,30.64,90.12,10566.04,7620.33,20.51,867.626752
613.17,22.8,67.06,5820.7,740.15,15.1,645.62304
615.33,24.55,72.21,4307.74,654.84,3.68,695.17744
620.19,28.49,83.79,4240.46,886.46,13.94,806.745632
616.69,25.65,75.44,2023.46,578.51,11.24,726.32592
624.09,31.64,93.06,19068.04,4840.08,85.06,895.943552
624.19,31.73,93.32,5526.84,8461.5,11.38,898.492064
606.21,17.17,50.5,3641.21,970.7,13.38,486.199456
622.34,30.23,88.91,5162.05,2180.94,3.82,856.016864
615.68,24.84,73.06,5417.6,1249,7.68,703.389312
626.77,33.81,99.44,3007.99,8383.78,2.35,957.391008
616.15,25.22,74.18,8196.17,1307.11,55.78,714.149696
626.72,33.77,99.32,6774.39,6972.96,27,956.258336
621.85,29.83,87.74,5056.38,1871.72,17.39,844.690144
611.22,21.23,62.44,4913.98,699.67,2.04,601.165664
617.31,26.16,76.94,4901.87,613.23,10.03,740.767488
626.83,33.86,99.59,4163.31,8007.48,9.7,958.806848
624.01,31.58,92.88,17558.71,4399.06,125.04,894.244544
608.04,18.65,54.85,4098.69,1139.37,13.32,528.10832
620.83,29.01,85.32,4349.48,1628.1,18.14,821.470368
613.26,22.88,67.29,5176.54,994.6,15.13,647.888384
606.15,17.12,50.35,16105.99,1398.6,97.4,484.783616
614.47,23.86,70.18,20589.81,588.77,124.57,675.638848
610.93,20.99,61.74,13783.32,739.37,100.84,594.369632
623.2,30.92,90.94,3282.27,5496.05,5.02,875.555456
613.08,22.73,66.85,8080.31,1246.45,46.51,643.640864
623.38,31.07,91.38,15320.01,4488.88,129.19,879.802976
606.01,17.01,50.03,5230.81,746.35,6.91,481.668768
612.46,22.23,65.38,5434.98,1133.78,2.63,629.482464
611.06,21.1,62.06,4110.32,1155.44,11.11,597.48448
610.9,20.97,61.68,3237.47,1194.13,17.29,593.803296
607.43,18.16,53.41,3406.84,1043.48,7.45,514.233088
609.93,20.18,59.35,2871.12,1177.04,15.8,571.433024
617.67,26.45,77.79,19408.83,1161.86,116.52,748.97936
612.12,21.95,64.56,3178.81,1071.21,16.18,621.55376
614.77,24.1,70.88,7816.61,959.35,42.74,682.43488
613.91,23.4,68.82,17450.83,1161.47,140.44,662.61312
624.39,31.89,93.79,14320.79,7605.21,86.41,903.022752
625.01,32.39,95.26,12893.4,6608.85,106.98,917.181152
616.35,25.38,74.65,2302.11,1327.58,15.45,718.680384
612.93,22.61,66.5,2358.61,837.36,11.92,640.242848
608.24,18.81,55.32,5229.05,959.63,19.23,532.639008
626.02,33.21,97.68,3378.39,5591.62,18.67,940.400928
607.26,18.02,53,14381.25,1438.45,80.25,510.268736
612.25,22.06,64.88,4280.75,1361.84,2.26,624.668608
612.26,22.07,64.91,4716.69,574.07,19.89,624.951776
612.73,22.45,66.03,14874.03,1057.88,106.51,635.71216
609.45,19.79,58.21,2005.71,949.58,1.73,560.389472
622.45,30.32,89.18,21992.07,3573.69,117.2,858.565376
608.57,19.08,56.12,3140.75,1292.84,3.28,540.284544
619.33,27.79,81.74,14322.9,1381.3,143.38,786.923872
608.6,19.1,56.18,5480.1,1136.11,2.26,540.85088
607.48,18.2,53.53,3149.03,1236.79,8.6,515.36576
625.1,32.46,95.47,2218.98,6304.68,19.79,919.163328
609.99,20.23,59.5,10375.44,1374.75,38.96,572.848864
623.25,30.96,91.06,20505.8,4101.09,132.33,876.688128
617.44,26.26,77.24,3267.65,967.39,7.97,743.599168
607.63,18.32,53.88,3251.38,598.04,19.23,518.763776
626.06,33.24,97.76,6663.26,5806.26,23.43,941.250432
611.19,21.2,62.35,4957.9,926.32,15.99,600.31616
624.05,31.61,92.97,5095.98,5191.37,6.33,895.094048
609.55,19.87,58.44,6785.29,735.57,48.63,562.654816
623.93,31.51,92.68,19097.85,3964.45,135.87,892.262368
606.28,17.23,50.68,14152.69,1311.1,142.78,487.898464
616.75,25.7,75.59,4704.37,905,4.27,727.74176
622.16,30.08,88.47,17115.26,4837.04,85.79,851.769344
625.63,32.89,96.74,4476.49,5585.78,7.33,931.339552
625.09,32.45,95.44,13211.55,5313.88,90.85,918.88016
623.21,30.93,90.97,3795.41,7201.37,8.33,875.838624
624.65,32.1,94.41,5633.64,7871.24,18.63,908.96928
610.18,20.38,59.94,3100.76,1409.59,12.56,577.096384
611.97,21.83,64.21,11454.03,1457.77,24.31,618.155744
612.07,21.91,64.44,3213.46,892.84,10.65,620.421088
613.92,23.41,68.85,5831.92,1003.07,11.56,662.896288
614.26,23.69,69.68,3360.89,1355.93,12.4,670.824992
617.44,26.26,77.24,2764.42,1268.76,3.86,743.599168
609.36,19.72,58,2823.55,821.69,15.34,558.407296
620.52,28.75,84.56,5726.93,706.87,18.86,814.108
609.52,19.85,58.38,4039.94,960.58,2.99,562.08848
612.52,22.28,65.53,15835.67,991.74,140.45,630.898304
616.57,25.56,75.18,12036.56,820.06,132.44,723.777408
622.73,30.54,89.82,2798.29,1556.68,4.59,864.795072
621.53,29.57,86.97,6314.08,1846.47,35.75,837.327776
619.56,27.98,82.29,16830.66,916.07,135.35,792.304064
609.27,19.65,57.79,14153.59,791.87,93.04,556.42512
617.49,26.3,77.35,5643.34,1115.35,7.59,744.73184
607.84,18.49,54.38,2193.86,710.28,18.69,523.577632
613.92,23.41,68.85,6237.35,903.04,56.93,662.896288
614.68,24.03,70.68,9828.84,820.56,61.88,680.452704
606.84,17.68,52,2515.02,1447.62,8.54,500.641024
611.75,21.65,63.68,5065.22,997.95,6.35,613.05872
626.07,33.25,97.79,5468.61,7473.31,16.24,941.5336
626.03,33.21,97.68,6819.02,5840.37,65.8,940.400928
613.4,22.99,67.62,3895.09,946.77,15.05,651.003232
606.91,17.74,52.18,3439.3,1040.77,16.39,502.340032
609.76,20.04,58.94,11735.88,1031.34,62.16,567.468672
614.24,23.67,69.62,4568.44,798.15,19.07,670.258656
625.9,33.11,97.38,3448.73,7427.23,16.85,937.569248
608.97,19.4,57.06,2242.73,913.34,12.03,549.34592
622.03,29.98,88.18,10492.03,2741.89,46.16,848.937664
608.28,18.85,55.44,7164.77,1036.61,22.33,533.77168
626.61,33.68,99.06,20425.35,3606.42,134.27,953.709824
614.01,23.48,69.06,2124.27,1446.9,3.15,664.878464
622.28,30.18,88.76,2333.52,2892.76,4.8,854.601024
613.19,22.82,67.12,11469.46,845.62,60.02,646.189376
619.18,27.67,81.38,7120.64,1331.25,22.33,783.525856
610.03,20.26,59.59,8260.86,1033.55,41.04,573.698368
609.07,19.49,57.32,2832.93,750.48,4.82,551.894432
625.7,32.95,96.91,13915.21,6853.17,98.18,933.03856
625.27,32.6,95.88,3425.62,7747.62,1.57,923.12768
624.64,32.09,94.38,19926.62,4207.61,142.37,908.686112
619.13,27.63,81.26,3533.92,652.23,19.69,782.393184
622.97,30.74,90.41,9514.67,7156.37,37.06,870.458432
607.45,18.17,53.44,16486.33,1037.69,97.22,514.516256
613.03,22.69,66.74,8368.84,1146.05,67.04,642.508192
612.59,22.33,65.68,3532.24,1229.52,18.65,632.314144
619.35,27.81,81.79,3948.33,1378.25,4.1,787.490208
613.48,23.06,67.82,8902.78,990.45,75.79,652.985408
609.12,19.53,57.44,2987.86,1399.61,16.05,553.027104
618.53,27.14,79.82,17202.3,1177.09,141.32,768.517952
623.1,30.84,90.71,9605.74,5126.04,27.86,873.290112
614.02,23.49,69.09,3460.19,932.44,3.66,665.161632
608.78,19.25,56.62,9022.15,682.63,24.47,545.0984
610.13,20.34,59.82,9340.26,1238.3,58.24,575.963712
610.99,21.04,61.88,3731.07,984.18,15.3,595.785472
612.3,22.1,65,9923.97,1118.59,21.1,625.80128
619.5,27.93,82.15,2363.74,1423.22,1.72,790.888224
618.62,27.22,80.06,8140.34,1092.48,27.63,770.783296
620.62,28.84,84.82,14366.33,1389.75,82.84,816.656512
613.61,23.16,68.12,5836.1,1113.4,4.03,655.817088
623.3,31,91.18,2112.77,5899.44,1.34,877.8208
610.29,20.47,60.21,5673.14,908.04,14.41,579.644896
615.85,24.97,73.44,5632.33,1304.37,10.34,707.070496
622.82,30.62,90.06,4287.59,8334.93,13.85,867.060416
609.78,20.06,59,8460.14,981.99,72.77,568.035008
608.31,18.87,55.5,3298.03,1445.12,5.56,534.338016
624.56,32.02,94.18,4685.22,5596.02,9.22,906.703936
613.2,22.83,67.15,9757.56,1169.05,72.01,646.472544
620.36,28.62,84.18,2530.3,1274.67,18.92,810.426816
606.53,17.43,51.26,4879.84,1253.81,18.67,493.561824
620.49,28.73,84.5,4471.25,1269.97,8.86,813.541664
612.64,22.38,65.82,5560.88,770.35,19.25,633.729984
607.17,17.95,52.79,16618.06,814.43,113.69,508.28656
618.81,27.37,80.5,8465.6,1129.22,63.79,775.030816
611.06,21.1,62.06,6311.8,1359.75,62.67,597.48448
614.12,23.57,69.32,2967.06,983.01,5.25,667.426976
607.69,18.37,54.03,19497.26,596.82,104.59,520.179616
609.09,19.5,57.35,5081.75,710.53,19.83,552.1776
612.26,22.07,64.91,8457.37,1280.08,34.02,624.951776
607.88,18.52,54.47,11533.34,1092.57,33.69,524.427136
625.13,32.49,95.56,4420.29,7057.6,10.04,920.012832
606.13,17.11,50.32,10876.4,1041.76,30.58,484.500448
616.16,25.22,74.18,5729.78,1447.31,15.32,714.149696
608.59,19.1,56.18,4073.6,612.61,2.71,540.85088
612.46,22.23,65.38,14527.66,906.64,91.93,629.482464
625.45,32.75,96.32,3825.27,5627.57,15.89,927.3752
609.4,19.75,58.09,9669.93,1065.75,28.85,559.2568
626.28,33.42,98.29,11473.53,8476.83,76.26,946.347456
610.32,20.5,60.29,5580.34,1472.05,6.05,580.4944
621.57,29.6,87.06,21474.28,3846.72,87.15,838.17728
617.48,26.29,77.32,4175.51,838.55,0.92,744.448672
624.57,32.03,94.21,5475.2,7432.49,12.26,906.987104
617.63,26.41,77.68,13197.6,1031.93,138.86,747.846688
617.23,26.09,76.74,4674.19,1362.77,0.94,738.785312
610.1,20.32,59.76,5413.58,1414.34,16.25,575.397376
609.49,19.83,58.32,3282.65,1052.34,18.08,561.522144
625.25,32.58,95.82,4881.49,6633.46,0.88,922.561344
612.88,22.57,66.38,2001.61,1305.89,13.4,639.110176
613.81,23.32,68.59,3544.95,984.86,3.83,660.347776
621.96,29.92,88,5855.66,2462.37,6.41,847.238656
613.12,22.76,66.94,5500.03,801.46,8.6,644.490368
625.99,33.18,97.59,4424.06,7095.9,15.17,939.551424
621.5,29.55,86.91,2831.3,2256.11,12.45,836.76144
618.55,27.16,79.88,11690.55,1342.46,37.01,769.084288
624.5,31.98,94.06,6636.78,6810.97,24.68,905.571264
607.04,17.84,52.47,16874.68,864.12,90.3,505.171712
611.4,21.37,62.85,8581.9,774.71,27.74,605.130016
615.77,24.91,73.26,21137.27,1332.99,82.64,705.371488
610.77,20.86,61.35,2124.85,1466.87,15.79,590.688448
621.62,29.64,87.18,8175.5,1599.61,38.2,839.309952
625.3,32.62,95.94,18549.07,3885.47,82.55,923.694016
614.9,24.2,71.18,3929.42,1202.87,10.64,685.26656
613.18,22.81,67.09,2858.26,1238.15,3.88,645.906208
626.19,33.34,98.06,2860.98,8166.47,11.47,944.082112
615.34,24.56,72.24,7404.35,549.78,41.14,695.460608
616.27,25.31,74.44,4134.47,1444.04,13.08,716.698208
613.38,22.97,67.56,3957.29,1012.58,13.88,650.436896
625.1,32.46,95.47,3883.14,7596.91,9.1,919.163328
617.95,26.67,78.44,3985.18,1044.46,0.84,755.209056
622.01,29.96,88.12,5939.72,2918.66,15.21,848.371328
623.05,30.8,90.59,4817.97,6667.89,17.51,872.15744
613.18,22.81,67.09,15732.07,993.25,111.21,645.906208
615.11,24.37,71.68,11405.45,1174.19,31.34,690.080416
623.82,31.43,92.44,9625.04,5444.53,25.97,889.997024
613.63,23.18,68.18,9532.86,589.22,44.17,656.383424
622.67,30.49,89.68,5948.4,2341.73,3.5,863.379232
625.76,33,97.06,6568.43,8586.33,39.53,934.4544
619.09,27.6,81.18,2098.79,1310.26,13,781.54368
621.57,29.6,87.06,6369.65,1743.75,36.69,838.17728
622.91,30.69,90.26,14499.02,5241.08,124.59,869.042592
623.75,31.37,92.26,8181.67,5796.79,44.27,888.298016
614.3,23.72,69.76,17971.17,924.19,91.42,671.674496
607.08,17.87,52.56,5300.54,985.26,5.08,506.021216
614.44,23.83,70.09,7090.85,585.91,38.29,674.789344
620.15,28.45,83.68,10140.45,890.38,31.77,805.61296
615.46,24.66,72.53,3470.83,600.62,9.38,698.292288
621.73,29.73,87.44,4663.14,1929.34,13.27,841.858464
613.5,23.07,67.85,2841.49,523.05,3.87,653.268576
619.33,27.79,81.74,14275.34,779.6,93.7,786.923872
609.91,20.17,59.32,2300.57,634.2,12.79,571.149856
621.74,29.74,87.47,10247.69,2336.14,40.38,842.141632
617.46,26.28,77.29,2465.09,1036.41,13.02,744.165504
610.29,20.47,60.21,4416.02,1371.33,5.36,579.644896
612.13,21.96,64.59,16047.06,725.21,119.5,621.836928
621.72,29.73,87.44,3469.11,2870.72,9.59,841.858464
616.13,25.2,74.12,3534.14,1336.62,7.47,713.58336
610.54,20.68,60.82,8004.86,1317.9,56.85,585.591424
626.31,33.44,98.35,4051,6463.57,17.42,946.913792
621.02,29.16,85.76,11229.31,2170.11,20.77,825.717888
626.1,33.27,97.85,3757.86,6823.99,2.76,942.099936
614.97,24.26,71.35,11768.51,1099.28,45.25,686.965568
615.98,25.08,73.76,15972.91,836.85,87.11,710.185344
624.86,32.27,94.91,6470.03,5266.71,71.67,913.783136
617.03,25.93,76.26,4171.51,1332.89,13.38,734.254624
620.85,29.02,85.35,4227.27,2919.57,2.6,821.753536
611.3,21.29,62.62,4426.76,1430.45,6.54,602.864672
615.38,24.59,72.32,12225.69,612.86,144.71,696.310112
608.59,19.1,56.18,7711.47,739.21,69.23,540.85088
610.33,20.51,60.32,8216.3,1005.81,23.38,580.777568
606.02,17.02,50.06,8129.07,1112.68,63.72,481.951936
606.82,17.66,51.94,9842.9,759.45,52.86,500.074688
626.52,33.61,98.85,2898.33,6838.23,2.39,951.727648
611.09,21.12,62.12,8105.85,904.65,67.34,598.050816
619.93,28.28,83.18,2244.87,1090.92,3.84,800.799104
623.62,31.26,91.94,12466.85,7864.78,90.84,885.183168
617.56,26.36,77.53,21456.74,908.93,125.76,746.430848
609.22,19.61,57.68,9783.53,949.6,47.89,555.292448
621.29,29.38,86.41,4114.34,2715.91,10.16,831.947584
618.61,27.21,80.03,6680.32,1220.62,59.83,770.500128
621.36,29.43,86.56,11519.23,1582.73,73.65,833.363424
622.16,30.08,88.47,15671.7,4084.6,82.45,851.769344
626.48,33.58,98.76,7011.59,7134.43,20.5,950.878144
618.04,26.75,78.68,18717.79,894.34,125.86,757.4744
613.17,22.8,67.06,4138.22,1175.13,2.4,645.62304
619.62,28.03,82.44,4087.45,574.18,14.61,793.719904
607.44,18.17,53.44,4899.65,1394.76,16.8,514.516256
624.85,32.26,94.88,2837.63,5043.29,19.8,913.499968
608.51,19.03,55.97,2706.73,1080.23,13.36,538.868704
612.88,22.57,66.38,18702.54,687.9,100.81,639.110176
623.13,30.87,90.79,7267.25,6150.94,40.19,874.139616
618.54,27.15,79.85,14452.79,948.41,105.82,768.80112
614.27,23.69,69.68,5884.88,938.03,14.89,670.824992
615.94,25.05,73.68,13572.36,1190.62,116.78,709.33584
623.95,31.53,92.74,11338.12,6618.6,59.04,892.828704
613.14,22.78,67,9619.33,825.58,49.32,645.056704
624.26,31.78,93.47,12438.47,6200.34,123.38,899.907904
607.85,18.5,54.41,3800.1,832.69,0.48,523.8608
622.31,30.2,88.82,2658.87,2533.72,5.25,855.16736
623.8,31.41,92.38,7917.54,7174.89,32.01,889.430688
609.82,20.09,59.09,5249.27,1252.41,1.46,568.884512
615.04,24.32,71.53,10016.31,976.99,62.98,688.664576
609.48,19.82,58.29,9728.79,1277.88,22.3,561.238976
620.84,29.01,85.32,7664.56,2464.2,41.45,821.470368
617.24,26.1,76.76,8054,1269.77,72.26,739.06848
619.34,27.8,81.76,9166.87,1017.63,72.97,787.20704
610.13,20.34,59.82,11788.14,573.56,64.96,575.963712
610.45,20.6,60.59,4119.5,1114.9,18.75,583.32608
606.87,17.7,52.06,5072.36,1247.22,1.87,501.20736
612.76,22.47,66.09,5351.37,572.36,6.12,636.278496
617.75,26.51,77.97,17929.85,1435.99,96.68,750.678368
624.02,31.59,92.91,10137.21,6264.13,44.87,894.527712
620.01,28.34,83.35,18447.2,855.29,128.8,802.498112
615.14,24.4,71.76,4216.73,1262.03,0.62,690.92992
626.02,33.21,97.68,6200.56,6347.81,70.45,940.400928
621.1,29.22,85.94,5816.53,1834.88,1.45,827.416896
625.53,32.81,96.5,21855.24,4108.12,107.68,929.074208
617.08,25.97,76.38,5612.2,639.72,14.96,735.387296
611.44,21.4,62.94,5734.72,1042.39,8.49,605.97952
607.11,17.9,52.65,6004.74,1310.14,28.47,506.87072
621.25,29.35,86.32,5658.47,1812.98,12.68,831.09808
608.55,19.06,56.06,9622.53,663.93,24.72,539.718208
612.36,22.15,65.15,8780.35,1099.43,38.07,627.21712
617.18,26.05,76.62,3210.56,1162.37,14.83,737.65264
617.85,26.59,78.21,2512.75,925.36,13.76,752.943712
618.61,27.21,80.03,3048.14,1381.72,14.97,770.500128
609.49,19.83,58.32,18138.46,587.72,92.77,561.522144
613.97,23.45,68.97,4637.69,1124.7,14.27,664.02896
618.96,27.49,80.85,2411.78,1219.02,7.56,778.428832
626.37,33.49,98.5,7493.66,6192.31,62.53,948.329632
621.28,29.37,86.38,5213.22,2845.95,6.82,831.664416
625.37,32.68,96.12,6184.95,8231.08,47.33,925.393024
622.01,29.96,88.12,15419.34,4848.44,111.8,848.371328
618.43,27.06,79.59,7315.92,928.89,52.94,766.252608
610.03,20.26,59.59,6004.3,1436.85,63.63,573.698368
620,28.33,83.32,3053.89,537.82,4.67,802.214944
619.09,27.6,81.18,3260.87,615.3,19.73,781.54368
618.65,27.24,80.12,5418.27,756.95,14.39,771.349632
616.29,25.33,74.5,2226.06,603.39,4.46,717.264544
617.1,25.99,76.44,4063.78,753.49,4.6,735.953632
613.02,22.68,66.71,17668.06,854.42,138.89,642.225024
616.91,25.83,75.97,4910.32,951.64,8.24,731.422944
610.15,20.36,59.88,15359.46,1060.69,141.37,576.530048
622.91,30.69,90.26,3653.86,5757.79,4.01,869.042592
609.9,20.16,59.29,4422.8,1191.86,9.11,570.866688
607.78,18.44,54.24,4273.28,939.51,17.38,522.161792
615.16,24.42,71.82,5282.94,1114.54,9.29,691.496256
619.82,28.19,82.91,13184.62,513.64,112.11,798.250592
615.19,24.44,71.88,5161.04,795.75,13.96,692.062592
611.81,21.7,63.82,3642.09,731.35,8.42,614.47456
617.72,26.49,77.91,2221.33,698.13,3.93,750.112032
613.29,22.9,67.35,3265.5,1473.14,12.55,648.45472
625.59,32.86,96.65,3431.36,5031.06,6.92,930.490048
625.38,32.69,96.15,5568.3,6968.04,18.8,925.676192
616.55,25.54,75.12,9883.33,544.77,43.22,723.211072
612.89,22.58,66.41,4198.49,1387.82,9.14,639.393344
621.48,29.53,86.85,2840.19,2091.13,16.45,836.195104
606.77,17.62,51.82,2601.98,1003.57,8,498.942016
615.97,25.07,73.74,16906.14,1348.77,108.7,709.902176
613.06,22.72,66.82,7546.17,1384.93,49.43,643.357696
625.33,32.65,96.03,7614.72,7951.51,33.27,924.54352
606.25,17.2,50.59,19960.69,894.78,88.47,487.04896
617.61,26.4,77.65,3651.64,1037.49,17.61,747.56352
621.55,29.59,87.03,2979.2,2520.87,0.05,837.894112
616.19,25.25,74.26,3643.84,1147.84,2.28,714.9992
607.79,18.45,54.26,6477.53,1440.4,30.71,522.44496
626.42,33.53,98.62,5453.97,7839.02,17.07,949.462304
616.88,25.81,75.91,17967.23,837.2,130,730.856608
618.9,27.44,80.71,4039.03,1085.26,2.44,777.012992
610.97,21.02,61.82,3454.06,1141.01,9.51,595.219136
616.15,25.22,74.18,15814.09,640.87,90.65,714.149696
615.01,24.29,71.44,11591.48,778.87,63.73,687.815072
607.57,18.27,53.74,18030.14,557.13,84.11,517.347936
608.23,18.81,55.32,18693.48,1331.57,114.44,532.639008
623.59,31.24,91.88,5515.52,6157.38,0.77,884.616832
611.04,21.08,62,2123.88,774.9,11.97,596.918144
610.09,20.31,59.74,5580.4,1482.65,8.41,575.114208
616.6,25.58,75.24,11435.1,1016.25,29.7,724.343744
622.14,30.07,88.44,5029.88,2597.56,18.43,851.486176
607.3,18.05,53.09,7266.04,1188.29,32.02,511.11824
618.11,26.8,78.82,5128.01,1283.95,8.77,758.89024
608.5,19.02,55.94,5354.49,1154.78,15.84,538.585536
606.77,17.62,51.82,3259.36,616.8,5.48,498.942016
607.11,17.9,52.65,3821.31,1408.44,4.19,506.87072
623.52,31.18,91.71,4749.13,5351.9,14.41,882.917824
608.48,19.01,55.91,10539.23,757.37,41.82,538.302368
606.95,17.77,52.26,11036.45,948.17,22.38,503.189536
615.2,24.45,71.91,10062.44,1272.24,33.27,692.34576
623.72,31.34,92.18,3825.3,8285.79,12.35,887.448512
611.51,21.46,63.12,16105.05,730.08,132.09,607.678528
614.86,24.17,71.09,2910.53,1024.44,16.52,684.417056
606.84,17.68,52,18422.1,745.63,102.98,500.641024
615.43,24.63,72.44,2395.87,771.38,15.89,697.442784
618.13,26.82,78.88,21730.45,1479.73,102.52,759.456576
617.99,26.71,78.56,4820.25,950.99,0.82,756.341728
612.98,22.65,66.62,2124.7,1370.2,14.15,641.37552
612.63,22.37,65.79,2702.69,1460.27,2.55,633.446816
608.24,18.81,55.32,8385.81,836.31,68.08,532.639008
613.7,23.23,68.32,4207.31,1131.77,9.61,657.799264
608.09,18.69,54.97,2679.03,1465.65,18.97,529.240992
622.1,30.03,88.32,3333.47,2173.69,9.62,850.353504
626.29,33.43,98.32,8489.08,7692.76,46.14,946.630624
626.37,33.49,98.5,18095.29,4170.39,96.25,948.329632
624.17,31.71,93.26,2567.38,5785.72,6.28,897.925728
618.62,27.22,80.06,11703.64,1229.68,59.64,770.783296
620.72,28.92,85.06,5450.7,2164.98,17.68,818.921856
611.99,21.85,64.26,9193.83,1405.32,78.56,618.72208
619.25,27.73,81.56,3763.02,1084.76,3.82,785.224864
615.57,24.75,72.79,15888.51,547.42,144.24,700.8408
616.12,25.19,74.09,13985.43,994.83,119.28,713.300192
621.91,29.88,87.88,8997.71,1957.82,66.22,846.105984
611.92,21.79,64.09,16082.38,780.46,123.12,617.023072
612.68,22.41,65.91,7030.26,1029.83,34.53,634.579488
625.42,32.72,96.24,2471.75,7406.91,12.58,926.525696
607.18,17.96,52.82,5734.46,1367.35,2.54,508.569728
616.2,25.26,74.29,4434.29,1470.9,15.57,715.282368
625.17,32.52,95.65,2254.14,6456.21,13.63,920.862336
618.82,27.38,80.53,6721.63,1203.53,37.27,775.313984
617.47,26.29,77.32,11705.65,522.2,42.44,744.448672
611.24,21.24,62.47,3283.74,752.25,18.42,601.448832
613.21,22.84,67.18,6618.88,1443.02,69.43,646.755712
623.89,31.48,92.59,10272.05,6414.72,30.88,891.412864
617.74,26.5,77.94,6759.94,920.63,77.77,750.3952
616.81,25.75,75.74,3452.76,552.27,7.53,729.1576
608.09,18.69,54.97,7168.76,1316.03,46.17,529.240992
606.34,17.28,50.82,14984.51,1138.09,111.62,489.314304
626.24,33.38,98.18,4922.06,5148.2,4.72,945.214784
613.92,23.41,68.85,2275.96,1495.8,3.06,662.896288
618.67,27.26,80.18,2963.99,1436.13,2.99,771.915968
607.67,18.35,53.97,11240.35,894.99,41.89,519.61328
620.35,28.62,84.18,3511.19,816.68,4.15,810.426816
625.58,32.85,96.62,9463.2,5242.15,37.37,930.20688
618.09,26.79,78.79,3509.01,1164.07,18.74,758.607072
608.65,19.15,56.32,2234.15,805.41,2.54,542.26672
618.22,26.89,79.09,5043.04,515.84,3.48,761.438752
622.09,30.03,88.32,9039.3,2344.25,42.77,850.353504
614.53,23.91,70.32,4933.61,1371.28,5.9,677.054688
624.48,31.96,94,5591.18,6285.87,1.95,905.004928
619.62,28.03,82.44,4357.33,1025.14,2.52,793.719904
624.88,32.28,94.94,5187.79,7169.82,9.04,914.066304
619.09,27.6,81.18,10756.22,1129.12,62.16,781.54368
608.76,19.23,56.56,4709.37,524.43,14.2,544.532064
612.5,22.26,65.47,4677.65,716.14,6.66,630.331968
610.24,20.43,60.09,10786.81,1421.46,74.79,578.512224
625.09,32.45,95.44,18227.41,3825.68,80.69,918.88016
621.97,29.93,88.03,4454.83,2690.31,19.62,847.521824
620.2,28.5,83.82,5033.61,521.99,3.67,807.0288
612.32,22.12,65.06,18571.19,865.09,80.91,626.367616
609.86,20.12,59.18,8054.85,607.96,61.76,569.734016
621.89,29.86,87.82,4082.62,2613.3,11.78,845.539648
615.96,25.06,73.71,8388.52,526.45,45.35,709.619008
610.74,20.84,61.29,5494.22,829.38,19.52,590.122112
618.95,27.48,80.82,8647.65,517.96,70.84,778.145664
606.85,17.69,52.03,5877.76,1193.21,10.21,500.924192
612.85,22.55,66.32,5085.29,1341.44,3.79,638.54384
615.84,24.97,73.44,6170.02,1328.53,58.67,707.070496
609.11,19.52,57.41,10252.06,714.85,35.54,552.743936
626.68,33.74,99.24,2714.52,6241.22,4.02,955.408832
610.39,20.55,60.44,7624.05,529.17,48.61,581.91024
608.74,19.22,56.53,7792.03,1366.94,43.74,544.248896
610.27,20.46,60.18,8969.9,630.93,71.47,579.361728
622.15,30.07,88.44,8647.38,1597.5,32.36,851.486176
614.94,24.24,71.29,21030.98,1364.23,88.19,686.399232
617.87,26.61,78.26,4477.78,1303.08,14.89,753.510048
606.44,17.36,51.06,3849.83,1440.97,15.72,491.579648
606.72,17.58,51.71,5140.29,1321.58,9.25,497.809344
615.36,24.58,72.29,8806.55,1468.07,30.79,696.026944
623.15,30.88,90.82,6196.95,6719.38,68.67,874.422784
624.59,32.05,94.26,20524.39,4096.8,83.2,907.55344
607.82,18.47,54.32,4123.44,551.69,5.64,523.011296
617.31,26.16,76.94,2530.42,733.4,16.25,740.767488
625.18,32.53,95.68,5054.44,6643.95,10.34,921.145504
614.15,23.6,69.41,6937.99,937.03,26.79,668.27648
623.42,31.1,91.47,4322.95,6426.39,14.87,880.65248
608.81,19.27,56.68,3693.76,1014.93,11.51,545.664736
625.64,32.9,96.76,5410.15,5947.93,13.26,931.62272
621.78,29.77,87.56,17950.46,3180.39,101.66,842.991136
625.77,33,97.06,4862.65,7896.49,19.18,934.4544
620.21,28.5,83.82,11150.24,1456.84,46.99,807.0288
613.63,23.18,68.18,4333.33,1038.38,18.63,656.383424
625.7,32.95,96.91,2014.88,5887.54,4.19,933.03856
611.79,21.69,63.79,5922.59,850.27,8.97,614.191392
612.98,22.65,66.62,2191.83,1275.41,2.67,641.37552
620.72,28.92,85.06,6899.18,2357.74,65.64,818.921856
622.07,30.01,88.26,2046.1,1695.51,4.56,849.787168
625.52,32.8,96.47,5943.43,6134.22,2.34,928.79104
610.3,20.48,60.24,2256.17,1362.43,11.75,579.928064
622.76,30.57,89.91,16500.95,3044.27,96.04,865.644576
621.51,29.56,86.94,2827.35,2481.03,5.4,837.044608
607.34,18.08,53.18,4756.44,1065.07,3.59,511.967744
614.13,23.58,69.35,19856.67,1173.52,87.64,667.710144
611.94,21.81,64.15,3766.19,1444.98,13.9,617.589408
612.39,22.17,65.21,3527.92,1456.81,12.86,627.783456
626.64,33.71,99.15,5605.94,5993.66,19.24,954.559328
619.5,27.93,82.15,16367.77,1020.18,96.42,790.888224
621.07,29.2,85.88,2880.52,1922.91,0.31,826.85056
626.51,33.6,98.82,5493.02,7590.55,3.42,951.44448
613.92,23.41,68.85,11737.33,503.02,59.22,662.896288
622.84,30.63,90.09,5728.54,7648.16,18.56,867.343584
615.13,24.39,71.74,2926.33,681.22,10.28,690.646752
624.26,31.78,93.47,16686.52,4877.16,88.78,899.907904
609.79,20.07,59.03,17556.17,670.14,144.63,568.318176
625.9,33.11,97.38,3237.3,6031.34,8.49,937.569248
610.59,20.72,60.94,2001.64,1096.18,14.67,586.724096
612.85,22.55,66.32,13855.26,1151.68,98.72,638.54384
621.88,29.86,87.82,7915.9,1878.3,61.28,845.539648
614.27,23.69,69.68,16573.17,1346.19,140.01,670.824992
618.77,27.34,80.41,2627.05,926.41,8.49,774.181312
615.34,24.56,72.24,8664.68,1281.36,21.35,695.460608
621.59,29.62,87.12,11457.33,1527.05,58.11,838.743616
610.79,20.88,61.41,9248.01,823.9,67.24,591.254784
607.23,18,52.94,3883.05,1378.12,17.75,509.7024
612.3,22.1,65,10825.57,1159.16,60.45,625.80128
615.96,25.06,73.71,5212.18,873.65,10.27,709.619008
609.53,19.86,58.41,5658.34,591.04,1.91,562.371648
613.45,23.03,67.74,8433.72,1179.55,44.79,652.135904
614.4,23.8,70,5088.13,1328.21,11.87,673.93984
607.21,17.98,52.88,4624.58,1381.85,17.95,509.136064
618.25,26.92,79.18,5676.15,1399.91,10.84,762.288256
624.57,32.03,94.21,3572.68,6425.03,5.49,906.987104
609.19,19.58,57.59,2279.45,1177.61,17.22,554.442944
618.55,27.16,79.88,2246.17,769.97,6.89,769.084288
619.96,28.3,83.24,7329.16,963.55,73.1,801.36544
614.81,24.13,70.97,5051.2,1013.08,17.47,683.284384
620.72,28.92,85.06,6057.23,2104.34,70.84,818.921856
614.63,23.99,70.56,17428.41,1029.64,128.12,679.320032
616.6,25.58,75.24,4621.53,918.36,10.41,724.343744
606.15,17.12,50.35,6928.11,951.55,71.67,484.783616
620.53,28.76,84.59,2999.47,1140.25,13.75,814.391168
619.89,28.24,83.06,21110.16,1493.16,107.18,799.666432
606.81,17.66,51.94,5801.52,1458.33,4.66,500.074688
613.73,23.26,68.41,2644.4,1496.01,0.3,658.648768
626.56,33.64,98.94,5393.67,5074.98,10.05,952.577152
614.84,24.16,71.06,3133.84,1186.76,17.25,684.133888
616.54,25.53,75.09,6208.8,909.25,33.29,722.927904
625.11,32.47,95.5,5201.46,6679.56,16.18,919.446496
621.06,29.19,85.85,8550.01,1913.17,69.63,826.567392
618.22,26.89,79.09,3796.59,940.12,10.72,761.438752
622.75,30.56,89.88,2854.95,1795.43,14.37,865.361408
624.15,31.69,93.21,4335.43,6365.13,4.56,897.359392
615.59,24.76,72.82,6934.51,1380.42,32.21,701.123968
615.98,25.08,73.76,2142.45,997.98,8.24,710.185344
614.11,23.57,69.32,10242.19,677.48,53.53,667.426976
626.3,33.43,98.32,5788.68,5499.55,16.21,946.630624
620.64,28.85,84.85,3302.01,643.69,1.2,816.93968
607.75,18.42,54.18,6863.01,509.24,52.02,521.595456
624.12,31.67,93.15,18062.17,3673.84,91.45,896.793056
616.09,25.17,74.03,2891.8,688.06,1.74,712.733856
607.44,18.17,53.44,3055.22,512.07,13.17,514.516256
617.54,26.34,77.47,11777.22,1089.47,56.35,745.864512
614.76,24.09,70.85,5711.6,1328.38,11.47,682.151712
624.43,31.92,93.88,3050.53,6853.75,4.75,903.872256
610.28,20.46,60.18,10341.48,1305.97,24.07,579.361728
623.36,31.05,91.32,3706.37,8267.51,13.28,879.23664
617.71,26.48,77.88,11300.1,995.72,61.49,749.828864
607.15,17.93,52.74,2880.27,888.53,15.07,507.720224
626.41,33.52,98.59,16038.11,3429.49,127.09,949.179136
616.76,25.71,75.62,4973.33,752.07,3.52,728.024928
612.11,21.95,64.56,5928.31,891.09,7.72,621.55376
615.86,24.98,73.47,4363.01,1099.36,1.8,707.353664
624.02,31.59,92.91,2215.73,6898.31,8.64,894.527712
612.4,22.18,65.24,2494.29,601.03,2.08,628.066624
610.05,20.28,59.65,7508.58,673.57,31.79,574.264704
608.71,19.19,56.44,14304.95,827.57,135.55,543.399392
612.26,22.07,64.91,2078.44,1171.37,9.84,624.951776
622.38,30.26,89,6986.36,2706.16,73.92,856.866368
615.9,25.01,73.56,8391.36,670.15,27.63,708.203168
610.78,20.87,61.38,4224.95,911.41,5.26,590.971616
609.49,19.83,58.32,21736.92,730.64,88.21,561.522144
612.99,22.66,66.65,6858.49,1357.89,40.34,641.658688
625.74,32.98,97,4265.77,6733.7,13.18,933.888064
613.2,22.83,67.15,10009.08,1395.81,25.27,646.472544
626.75,33.8,99.41,4866.53,6607.01,2.81,957.10784
616.19,25.25,74.26,2506.18,976.62,10.14,714.9992
609.76,20.04,58.94,8884.72,1492.02,35.5,567.468672
624.71,32.15,94.56,8489.09,7821.89,70.48,910.38512
615.67,24.83,73.03,3607.81,1345.74,4.06,703.106144
620.9,29.06,85.47,4837.26,2379.27,13.09,822.886208
626.66,33.72,99.18,3369.06,5308.24,11.54,954.842496
607.05,17.85,52.5,5514.12,801.83,1.45,505.45488
608.03,18.64,54.82,8348.73,762.11,39.74,527.825152
621.13,29.25,86.03,4881.66,2267.3,8.21,828.2664
611.92,21.79,64.09,17030.68,1084.22,82.72,617.023072
609.87,20.13,59.21,17735,1353.63,83.2,570.017184
606.83,17.67,51.97,2076.17,1232.45,17.53,500.357856
606.46,17.37,51.09,16390.29,544.88,122.72,491.862816
622.26,30.16,88.71,12289.97,2534.73,110.57,854.034688
608.82,19.28,56.71,2857.09,564.49,2.49,545.947904
615.82,24.95,73.38,9034.45,1317.1,57.32,706.50416
618.72,27.3,80.29,12127.56,1195.23,120.02,773.04864
615,24.29,71.44,4596.32,850.24,11.31,687.815072
606.57,17.46,51.35,18715.12,504.36,88.71,494.411328
622.45,30.32,89.18,12948.84,1999.51,87.31,858.565376
606.22,17.18,50.53,4340.49,942.91,4.29,486.482624
622,29.95,88.09,5241.73,2534.55,6.39,848.08816
624.76,32.19,94.68,7865.84,5366.26,61.89,911.517792
615.09,24.36,71.65,16938.47,509.7,143.73,689.797248
617.25,26.11,76.79,4314.34,575.09,6.44,739.351648
616.02,25.11,73.85,21125.84,1280.52,103.73,711.034848
614.17,23.61,69.44,9760.7,1138,56.4,668.559648
624.64,32.09,94.38,11918.48,7691.17,53.22,908.686112
624.77,32.19,94.68,12838.04,6774.64,94.02,911.517792
613.05,22.71,66.79,17708.53,1027.07,108.85,643.074528
618.92,27.46,80.76,5312.17,657.5,12.3,777.579328
625.47,32.76,96.35,6985.11,5453.73,55.62,927.658368
626.2,33.35,98.09,2685.3,7453.44,4.55,944.36528
616.69,25.65,75.44,11361.21,889.27,25.28,726.32592
615.51,24.7,72.65,3560.26,1363.58,9.25,699.42496
611.85,21.74,63.94,20639.36,1281.52,99.72,615.607232
626.14,33.3,97.94,17769.59,3549.09,95.97,942.94944
609,19.43,57.15,3356.81,822.68,11.3,550.195424
618.18,26.86,79,9655.17,1353.17,71.09,760.589248
611.93,21.8,64.12,3802.15,511.64,10.39,617.30624
611.86,21.74,63.94,9551.49,1236.28,59.69,615.607232
614.5,23.88,70.24,6698.67,1096.47,24.01,676.205184
626.97,33.98,99.94,3718.41,7037.14,1.59,962.204864
607.15,17.93,52.74,7996.91,1254.87,58.63,507.720224
618.15,26.84,78.94,9320.57,511.39,58.25,760.022912
607.73,18.4,54.12,11655.66,1317.98,42.56,521.02912
609.24,19.62,57.71,7222.3,840.38,35.13,555.575616
615.23,24.47,71.97,4059.72,665.37,5.92,692.912096
616.72,25.68,75.53,21319.44,1413.58,87.02,727.175424
611.43,21.4,62.94,8616.29,1130.03,63.49,605.97952
612.65,22.38,65.82,4312.92,998.13,6.02,633.729984
607.83,18.48,54.35,8201.75,583.9,37.2,523.294464
612.37,22.16,65.18,2296.99,603.77,5.07,627.500288
626.3,33.43,98.32,18589.43,3545.12,82.53,946.630624
625.84,33.06,97.24,4070.56,6403.7,6.11,936.153408
613.03,22.69,66.74,3702.22,848.23,19.94,642.508192
617.99,26.71,78.56,10999.65,954.27,41.83,756.341728
625.1,32.46,95.47,11076.72,7703.76,26.45,919.163328
606.13,17.11,50.32,5904.28,756.83,6.33,484.500448
623.02,30.78,90.53,3588.91,7099.6,0.6,871.591104
625.92,33.13,97.44,9282.77,5149.88,69.15,938.135584
607.92,18.55,54.56,11154.78,728.36,77.04,525.27664
609.39,19.74,58.06,5690,1352.67,4.02,558.973632
626.18,33.34,98.06,9026.28,6706.42,43.56,944.082112
617.29,26.14,76.88,6790.86,1386.59,21.83,740.201152
606.3,17.24,50.71,9102.9,870,45.37,488.181632
611.41,21.38,62.88,10579.71,1222.61,67.05,605.413184
615.45,24.65,72.5,3879.38,830.79,6.76,698.00912
620.55,28.78,84.65,6829.39,899.04,39.76,814.957504
621.4,29.47,86.68,18121.59,3865.95,94.68,834.496096
626.9,33.92,99.76,4052.88,8204.99,14.04,960.505856
612.04,21.89,64.38,3512.79,1076.41,18.73,619.854752
617.3,26.15,76.91,10296.99,635.42,39.46,740.48432
617.2,26.07,76.68,5244.92,722.65,2.89,738.218976
614.52,23.9,70.29,9166.63,1040.03,76.6,676.77152
609.55,19.87,58.44,3902.62,1102.81,6.52,562.654816
626.53,33.62,98.88,20621.53,4778.26,140.95,952.010816
623.92,31.51,92.68,8357.7,8534.48,73.7,892.262368
616.46,25.47,74.91,11703.55,744.62,62.59,721.228896
618.67,27.26,80.18,7611.34,1276.61,51.25,771.915968
610.77,20.86,61.35,7937.41,981.27,59.66,590.688448
617.42,26.24,77.18,7190.24,1461.64,44.29,743.032832
620.59,28.81,84.74,8466.28,855.13,64.04,815.807008
616.82,25.76,75.76,4176.72,1043.47,8.18,729.440768
626.8,33.84,99.53,3984.3,5621.46,2.7,958.240512
618.84,27.39,80.56,18594.9,901.79,119.32,775.597152
613.79,23.31,68.56,19691.7,868.56,121.47,660.064608
622.22,30.13,88.62,20539.48,3344.39,133.33,853.185184
609.58,19.9,58.53,5421.63,531.88,5.42,563.50432
614.07,23.53,69.21,2799.49,731.86,5.48,666.294304
613.29,22.9,67.35,6034.62,929.32,53.79,648.45472
615.07,24.34,71.59,4704.57,1202.1,2.28,689.230912
622.42,30.29,89.09,6000.32,2930.88,63.71,857.715872
616.17,25.23,74.21,12156.43,1433.86,138.76,714.432864
622.67,30.49,89.68,12932.87,2608.17,134.42,863.379232
618.11,26.8,78.82,17705.61,1445.63,124.11,758.89024
613.18,22.81,67.09,3905.35,1432.85,11.99,645.906208
623.01,30.77,90.5,4747.81,7910.26,10.02,871.307936
611,21.05,61.91,12643.19,902.37,141.23,596.06864
610.71,20.81,61.21,4147.47,1410.79,6.59,589.272608
616.59,25.57,75.21,12930.3,1089.27,88.29,724.060576
611.48,21.44,63.06,11396.72,1427.37,35.98,607.112192
606.19,17.15,50.44,3535.8,1236.82,17.81,485.63312
619.61,28.02,82.41,5711.74,954.1,2.45,793.436736
616.73,25.69,75.56,6113.29,600.53,42.03,727.458592
615.36,24.58,72.29,3338.94,1195.49,13.8,696.026944
626.31,33.44,98.35,8955.13,8362.21,62.24,946.913792
618,26.71,78.56,3230.62,542.33,3.99,756.341728
624.13,31.68,93.18,7824.93,7832.74,34.91,897.076224
608.93,19.37,56.97,5099.43,629.71,3.38,548.496416
617.95,26.67,78.44,4749.56,1133.28,10.14,755.209056
624.23,31.76,93.41,14964.41,6029.49,82.91,899.341568
618.25,26.92,79.18,4087.54,1163.7,6.2,762.288256
621.08,29.21,85.91,3344.66,1935.43,14.39,827.133728
613.81,23.32,68.59,6478.73,917.97,21.42,660.347776
607.94,18.57,54.62,12881.27,1346.32,126.9,525.842976
615.62,24.79,72.91,10921.76,904.11,56.66,701.973472
614.28,23.7,69.71,4195.37,1038.33,10.24,671.10816
624.21,31.74,93.35,11413.47,8218.26,76.92,898.775232
611.12,21.14,62.18,14651.23,995.06,86.4,598.617152
626.3,33.43,98.32,19480.35,3277.92,112.84,946.630624
626.12,33.29,97.91,8108.14,5973.38,29.88,942.666272
611.2,21.21,62.38,9331.58,599.93,42.07,600.599328
613.31,22.92,67.41,18485.34,1225.39,104.04,649.021056
624.81,32.23,94.79,4464.9,6575.56,17.69,912.650464
626.3,33.43,98.32,14080.25,6241.09,129.08,946.630624
615.31,24.54,72.18,8647.21,1216.48,65.95,694.894272
612.74,22.46,66.06,4530.71,1476.01,4.23,635.995328
617.05,25.95,76.32,4696.01,1041.51,9.22,734.82096
620.44,28.69,84.38,12582.97,1498.42,129.51,812.408992
611.74,21.65,63.68,9907.19,1356.29,71.83,613.05872
621.47,29.52,86.82,5505.68,1802.48,6.95,835.911936
607.08,17.87,52.56,5341.94,662.65,15.76,506.021216
607.04,17.84,52.47,17200.83,1330.25,124.64,505.171712
614.11,23.57,69.32,3139.41,1005.16,3.88,667.426976
613.42,23.01,67.68,10748.12,1081.37,68.33,651.569568
612.63,22.37,65.79,6300.39,1373.63,31.51,633.446816
616.31,25.35,74.56,4781.28,909.45,4.93,717.83088
612.74,22.46,66.06,12118.71,800.66,99.37,635.995328
610.04,20.27,59.62,9209.24,1376.6,42.56,573.981536
612.5,22.26,65.47,16621.4,1049.14,97.29,630.331968
626.47,33.57,98.74,14354.07,7671.65,144.91,950.594976
614.63,23.99,70.56,3842.26,988.33,0.19,679.320032
615.34,24.56,72.24,3176.01,1059.89,13.74,695.460608
618.11,26.8,78.82,3628.69,732.27,3.34,758.89024
626.65,33.72,99.18,9050.44,5578.37,31.93,954.842496
611.07,21.1,62.06,8806.81,570.87,26.62,597.48448
620.31,28.58,84.06,9165.75,1017.46,35.86,809.294144
621.04,29.18,85.82,17829.98,3803.31,115.69,826.284224
618.75,27.32,80.35,11065.26,932.4,37.12,773.614976
607.86,18.51,54.44,13888.7,1201.14,133.49,524.143968
620.21,28.5,83.82,3185.39,1225.57,5.95,807.0288
607.35,18.09,53.21,4860.95,671.18,0.02,512.250912
618.52,27.14,79.82,3519.6,975.91,4.75,768.517952
621.53,29.57,86.97,4864.25,1984.79,19.41,837.327776
610.43,20.59,60.56,4504.98,646.37,8.97,583.042912
623.67,31.3,92.06,3025.02,6397.22,17.19,886.31584
606.64,17.52,51.53,10102.2,519.68,40.5,496.110336
623.72,31.34,92.18,10879.09,8508.29,49.22,887.448512
615.67,24.83,73.03,15601.42,965.04,113.29,703.106144
610.57,20.7,60.88,7241.92,1418.19,73.04,586.15776
608.81,19.27,56.68,20802.52,779.94,143.63,545.664736
626.02,33.21,97.68,3164.89,7257.13,2.24,940.400928
607.53,18.24,53.65,12056.31,686.32,120.54,516.498432
610.18,20.38,59.94,4005.4,543.4,7.27,577.096384
613.3,22.91,67.38,4588.28,964.27,3.58,648.737888
619.02,27.54,81,5824.08,714.74,8.55,779.844672
617.44,26.26,77.24,9341.07,1429.02,64.16,743.599168
608.64,19.14,56.29,2354.09,1109,9.27,541.983552
612.08,21.92,64.47,4178.13,1032.31,3.21,620.704256
611.01,21.06,61.94,4495.09,689.02,13.96,596.351808
610.48,20.63,60.68,4117.74,895.49,14.41,584.175584
614.63,23.99,70.56,5756.43,1171.74,12.21,679.320032
620.78,28.96,85.18,5563.3,1641.69,9.21,820.054528
610.57,20.7,60.88,12782.74,1433.41,141.69,586.15776
613.7,23.23,68.32,3673.53,940.86,16.89,657.799264
614.21,23.65,69.56,6202.73,1093.16,66.47,669.69232
626.51,33.6,98.82,3391.87,6723.8,6.92,951.44448
626.05,33.23,97.74,2133.75,6728.17,2.91,940.967264
622.8,30.6,90,4933.45,2456.25,18.93,866.49408
611.07,21.1,62.06,6641.52,1004.75,69.6,597.48448
607.43,18.16,53.41,10996.67,572.27,55.21,514.233088
612.65,22.38,65.82,8274.97,840.27,52.04,633.729984
611.6,21.53,63.32,8977.06,1324.72,73.46,609.660704
616.62,25.6,75.29,2246.02,551.33,2.05,724.91008
622.33,30.22,88.88,4871.75,2614.23,6.74,855.733696
624.02,31.59,92.91,3097.05,7012.47,4.42,894.527712
623.74,31.36,92.24,5216.81,5663.91,18.88,888.014848
613.55,23.11,67.97,4040.85,627.85,15.82,654.401248
620.43,28.68,84.35,7577.55,875.5,43.81,812.125824
612.57,22.32,65.65,2967.62,898.5,6.86,632.030976
607.28,18.04,53.06,2683.78,543.9,15.45,510.835072
620.73,28.92,85.06,10882.97,2240.26,66.44,818.921856
606.21,17.17,50.5,4798.85,746.27,14.74,486.199456
614.59,23.95,70.44,21826.88,1360.25,86.78,678.18736
612.92,22.6,66.47,10333.87,690.46,76.32,639.95968
620.56,28.79,84.68,3558.63,1241.6,1.43,815.240672
622.09,30.03,88.32,4381.42,2808.31,6.61,850.353504
612.39,22.17,65.21,2632.96,1195.35,7.71,627.783456
623.04,30.79,90.56,3144.72,5731.02,13.3,871.874272
612.17,21.99,64.68,2086.51,983.59,8.76,622.686432
615.37,24.59,72.32,6792.97,876.39,39.3,696.310112
621.27,29.36,86.35,9184.5,2384.75,66.94,831.381248
620.55,28.78,84.65,2647.58,749.3,5.75,814.957504
626.73,33.78,99.35,4250.76,8472.68,10.39,956.541504
610.73,20.83,61.26,9361.45,755,69.04,589.838944
619.91,28.26,83.12,3221.78,1244.6,0.79,800.232768
618.8,27.36,80.47,4824.93,1282.65,4.39,774.747648
625.22,32.56,95.76,3551.81,5587.68,13.96,921.995008
609.28,19.66,57.82,6412.51,1007.39,76.88,556.708288
621.79,29.78,87.59,2095.9,1969.54,10.17,843.274304
617.93,26.66,78.41,16505.82,785.53,116.01,754.925888
611.77,21.67,63.74,5342.28,1467.21,7.66,613.625056
615.96,25.06,73.71,5386.2,926.91,7.87,709.619008
613.01,22.67,66.68,10461.02,1031.99,33.86,641.941856
618.17,26.85,78.97,14150.05,1215.64,130.75,760.30608
624.67,32.11,94.44,13726.09,5009.67,102.5,909.252448
617.96,26.68,78.47,2752.16,1359.67,11.1,755.492224
619.27,27.74,81.59,3922.86,998.85,4.53,785.508032
